rank,score,ano,titulo,autores,journal,doi,link,resumo_pt,criterios_atendidos
1,85,2026,"Interval cancer, sensitivity, and specificity comparing AI-supported mammography screening with standard double reading without AI in the MASAI study: a randomised, controlled, non-inferiority, single-blinded, population-based, screening-accuracy trial.","Gommers J, Hernström V, Josefsson V, Sartor H, Schmidt D, Hjelmgren A, Larsson AM, Hofvind S, Andersson I, Rosso A, Hagberg O, Lång K","Lancet (London, England) - Volume 407, Issue 10527, pp. 505-514 - published 2026-01-31",10.1016/S0140-6736(25)02464-X,https://pubmed.ncbi.nlm.nih.gov/41620232/,"O estudo MASAI comparou a taxa de câncer de intervalo em mamografias com suporte de IA e leitura dupla padrão. Com 105.934 participantes, o grupo com IA apresentou uma taxa de câncer de intervalo não inferior e maior sensibilidade, mantendo a especificidade. Os resultados sugerem que a IA pode melhorar o desempenho do rastreamento mamográfico.","[""1.1 Validação externa: sim, estudo realizado na Suécia com validação em coorte independente."", ""1.2 Recência: publicado em 2026."", ""1.3 N=105934, robustez amostral."", ""1.4 Métricas clínicas: reporta CDR e câncer de intervalo."", ""1.5 Interação Humano-IA: compara IA com leitura padrão.""]"
2,85,2026,Breast Cancers Detected and Missed by AI-CAD: Results from the AI-STREAM Trial.,"Chang YW, Ryu JK, An JK, Choi N, Park YM, Ko KH","Radiology. Artificial intelligence - Volume 8, Issue 1, pp. e250281 - published 2026-01-01",10.1148/ryai.250281,https://pubmed.ncbi.nlm.nih.gov/41147858/,"O estudo avaliou as características de cânceres de mama detectados e perdidos por um sistema de diagnóstico assistido por IA durante a mamografia de rastreamento. Com 24.543 mulheres incluídas, o sistema detectou 3,4% dos cânceres que os radiologistas perderam. O estudo sugere que a IA pode melhorar a detecção de câncer de mama e apoiar radiologistas na interpretação de mamografias.","[""1.1 Validação externa: multicentro"", ""1.2 Recência: 2026"", ""1.3 N=24543"", ""1.4 Métricas clínicas: reporta CDR e Recall"", ""1.5 Interação Humano-IA: IA como suporte ao radiologista""]"
3,85,2025,Development of a deep learning-based automated diagnostic system (DLADS) for classifying mammographic lesions - a first large-scale multi-institutional clinical trial in Japan.,"Yamaguchi T, Koyama Y, Inoue K, Ban K, Hirokaga K, Kujiraoka Y, Okanami Y, Shinohara N, Tsunoda H, Uematsu T, Mukai H","Breast cancer (Tokyo, Japan) - Volume 32, Issue 5, pp. 1115-1124 - published 2025-09-01",10.1007/s12282-025-01741-3,https://pubmed.ncbi.nlm.nih.gov/40608200/,"Este estudo desenvolveu um sistema de diagnóstico automatizado baseado em deep learning para classificar lesões mamográficas, utilizando 20.638 mamografias de 11.450 mulheres japonesas. O sistema alcançou uma AUC de 0.841, com sensibilidade de 83.5% e especificidade de 84.7%. O estudo planeja uma validação prospectiva do desempenho diagnóstico do sistema como segundo leitor.","[""1.1 Validação externa: multi-institucional com 63 instituições"", ""1.2 Recência: publicado em 2025"", ""1.3 N=20638 mamografias"", ""1.4 Métricas clínicas: AUC 0.841, sensibilidade e especificidade reportadas"", ""1.5 Interação Humano-IA: planejamento de estudo prospectivo com IA como segundo leitor""]"
4,85,2025,Artificial intelligence for breast cancer screening in mammography (AI-STREAM): preliminary analysis of a prospective multicenter cohort study.,"Chang YW, Ryu JK, An JK, Choi N, Park YM, Ko KH, Han K","Nature communications - Volume 16, Issue 1, pp. 2248 - published 2025-03-06",10.1038/s41467-025-57469-3,https://pubmed.ncbi.nlm.nih.gov/40050619/,"Este estudo prospectivo multicêntrico avaliou a eficácia da inteligência artificial (IA) na triagem de câncer de mama por mamografia, comparando a precisão diagnóstica de radiologistas com e sem o uso de detecção assistida por IA. Com 24.543 mulheres incluídas, o estudo reportou uma taxa de detecção de câncer significativamente maior para radiologistas que utilizaram IA, sem impacto nas taxas de recall.","[""1.1 Validação externa: multicêntrica dentro do programa nacional da Coreia do Sul"", ""1.2 Recência: publicado em 2025"", ""1.3 N=24543"", ""1.4 Métricas clínicas: reporta CDR e RR"", ""1.5 Interação Humano-IA: compara radiologistas com e sem IA""]"
5,85,2025,"Screening performance and characteristics of breast cancer detected in the Mammography Screening with Artificial Intelligence trial (MASAI): a randomised, controlled, parallel-group, non-inferiority, single-blinded, screening accuracy study.","Hernström V, Josefsson V, Sartor H, Schmidt D, Larsson AM, Hofvind S, Andersson I, Rosso A, Hagberg O, Lång K","The Lancet. Digital health - Volume 7, Issue 3, pp. e175-e183 - published 2025-03-01",10.1016/S2589-7500(24)00267-X,https://pubmed.ncbi.nlm.nih.gov/39904652/,"O estudo MASAI avaliou a eficácia da triagem de mamografia com suporte de IA em comparação com a leitura padrão. Com 105.934 participantes, a triagem com IA resultou em uma taxa de detecção de câncer de 6,4 por 1000, superior à taxa de 5,0 no grupo controle. O estudo também observou uma redução de 44,2% na carga de trabalho de leitura de exames sem aumento significativo nas taxas de falso positivo.","[""1.1 Validação externa: sim, realizado na Suécia com múltiplos centros."", ""1.2 Recência: publicado em 2025."", ""1.3 N=105934"", ""1.4 Métricas clínicas: reporta CDR e Recall Rate."", ""1.5 Interação Humano-IA: compara IA com leitura padrão.""]"
6,85,2025,A multimodal machine learning model for the stratification of breast cancer risk.,"Qian X, Pei J, Han C, Liang Z, Zhang G, Chen N, Zheng W, Meng F, Yu D, Chen Y, Sun Y, Zhang H, Qian W, Wang X, Er Z, Hu C, Zheng H, Shen D","Nature biomedical engineering - Volume 9, Issue 3, pp. 356-370 - published 2025-03-01",10.1038/s41551-024-01302-7,https://pubmed.ncbi.nlm.nih.gov/39633027/,"O estudo desenvolveu um modelo multimodal de aprendizado de máquina para estratificação do risco de câncer de mama, utilizando dados de mamografia e ultrassom de 5.025 pacientes. O modelo demonstrou desempenho semelhante ao de radiologistas experientes na classificação de tumores, mas não possui validação externa independente.","[""1.2 Publicação 2025"", ""1.3 N=5025"", ""1.5 Interação Humano-IA""]"
7,85,2025,Nationwide real-world implementation of AI for cancer detection in population-based mammography screening.,"Eisemann N, Bunk S, Mukama T, Baltus H, Elsner SA, Gomille T, Hecht G, Heywang-Köbrunner S, Rathmann R, Siegmann-Luz K, Töllner T, Vomweg TW, Leibig C, Katalinic A","Nature medicine - Volume 31, Issue 3, pp. 917-924 - published 2025-03-01",10.1038/s41591-024-03408-6,https://pubmed.ncbi.nlm.nih.gov/39775040/,"O estudo PRAIM avaliou a implementação de um sistema de IA para suporte à leitura dupla em mamografias em 12 centros na Alemanha. Com 463.094 mulheres examinadas, a taxa de detecção de câncer foi de 6,7 por 1.000 no grupo com IA, superior à taxa de 5,7 por 1.000 no grupo controle. O estudo também reportou uma taxa de recall de 37,4 por 1.000 no grupo com IA, que foi não inferior à do grupo controle.","[""1.1 Validação externa: multicentro na Alemanha"", ""1.3 N=463094"", ""1.4 Métricas clínicas: CDR e Recall Rate"", ""1.5 Interação Humano-IA: comparação entre leitura com e sem IA""]"
8,85,2025,Deep learning prediction of mammographic breast density using screening data.,"Chen C, Wang E, Wang VY, Chen X, Feng B, Yan R, Zhu L, Xu D","Scientific reports - Volume 15, Issue 1, pp. 11602 - published 2025-04-04",10.1038/s41598-025-95275-5,https://pubmed.ncbi.nlm.nih.gov/40185813/,"Este estudo investigou modelos de deep learning para a avaliação objetiva da densidade mamográfica em quatro categorias. Utilizou dados de 9.621 mulheres, totalizando 57.282 imagens, e comparou o desempenho dos modelos com radiologistas. Apesar de ter realizado validação interna, não houve validação externa em um conjunto de dados diferente.","[""1.2 Recência: 2025"", ""1.3 N=9621""]"
9,85,2025,Automated Breast Density Assessment for Full-Field Digital Mammography and Digital Breast Tomosynthesis.,"Jiang S, Bennett DL, Chen S, Toriola AT, Colditz GA","Cancer prevention research (Philadelphia, Pa.) - Volume 18, Issue 1, pp. 23-29 - published 2025-01-06",10.1158/1940-6207.CAPR-24-0338,https://pubmed.ncbi.nlm.nih.gov/39450526/,"O estudo desenvolveu um modelo de aprendizado profundo para a avaliação automatizada da densidade mamária em mamografias digitais e tomossíntese, utilizando uma coorte de 9.714 mulheres. O modelo foi validado externamente em uma coorte de 18.360 mulheres, mostrando boa concordância com a avaliação dos radiologistas. No entanto, o foco do estudo não é o diagnóstico de câncer de mama.",[]
10,85,2025,Improved Breast Cancer Detection with Artificial Intelligence in a Real-World Digital Breast Tomosynthesis Screening Program.,"Nepute JA, Peratikos M, Toledano AY, Salvas JP, Delks H, Shisler JL, Hoffmeister JW, Madden CM","Clinical breast cancer - Volume 25, Issue 8, pp. 808-816.e5 - published 2025-12-01",10.1016/j.clbc.2025.05.007,https://pubmed.ncbi.nlm.nih.gov/40473527/,"O estudo avaliou o impacto de um sistema de detecção por IA na interpretação de mamografias digitais em um programa de rastreamento. Foram analisados 10.322 exames antes da implementação da IA e 6.407 após, mostrando aumento na taxa de detecção de câncer e melhorias nas taxas de interpretação anormal e valores preditivos positivos.",[]
11,85,2025,AI as an independent second reader in detection of clinically relevant breast cancers within a population-based screening programme in the Netherlands: a retrospective cohort study.,"van Winkel SL, Peters J, Janssen N, Kroes J, Loehrer EA, Gommers J, Sechopoulos I, de Munck L, Teuwen J, Broeders M, Karssemeijer N, Mann RM","The Lancet. Digital health - Volume 7, Issue 8, pp. 100882 - published 2025-08-01",10.1016/j.landig.2025.100882,https://pubmed.ncbi.nlm.nih.gov/40816977/,"Este estudo avaliou o desempenho de um sistema de IA como segundo leitor em mamografias de rastreamento populacional na Holanda. Com 42.236 mamografias analisadas, o uso da IA melhorou a detecção de câncer em comparação com a leitura humana única e dupla, reportando 291 cânceres detectados, 102 cânceres de intervalo e 187 cânceres futuros. O estudo destaca a importância da IA na identificação precoce de cânceres mais invasivos.","[""1.1 Validação externa: sim, validação em coorte independente"", ""1.3 N=42236"", ""1.4 Métricas clínicas: reporta CDR e Recall Rate"", ""1.5 Interação Humano-IA: IA como segundo leitor""]"
12,85,2025,Deep Learning Based on Automated Breast Volume Scanner Images for the Diagnosis of Breast Lesions: A Multicenter Diagnostic Study.,"Liu H, Zhang Y, Tan B, Yin YF, Yan LX, Xiang LH, Shan DD, Zhang YY, Ding SS, Xu G, Zhou BY, Shi YL, Zhu XX, Hu JL, Sun LP, Xu HX, Zhang YF","International journal of medical sciences - Volume 22, Issue 15, pp. 3924-3937 - published 2025-01-01",10.7150/ijms.118430,https://pubmed.ncbi.nlm.nih.gov/41049432/,"Este estudo desenvolveu um modelo de deep learning para a detecção automatizada de câncer de mama utilizando imagens de scanner de volume mamário automatizado (ABVS). Com dados de 1.368 pacientes, o modelo foi validado externamente em dois hospitais, alcançando uma AUC de 0.978 e 0.942. O desempenho do modelo foi comparado com radiologistas, mostrando melhorias significativas na detecção e redução do tempo de interpretação.","[""1.1 Validação externa: testado em hospitais B e C"", ""1.2 Recência: publicado em 2025"", ""1.3 N=1368 mamografias"", ""1.4 Métricas clínicas: reporta AUC, sensibilidade e especificidade"", ""1.5 Interação Humano-IA: comparação com radiologistas""]"
13,85,2025,RADIFUSION: a multi-radiomics deep learning based breast cancer risk prediction model using sequential mammographic images with image attention and bilateral asymmetry refinement.,"Yeoh HH, Liew A, Phan R, Strand F, Rahmat K, Nguyen TL, Tan M","Physics in medicine and biology - Volume 70, Issue 23, pp.  - published 2025-11-25",10.1088/1361-6560/ae1ee4,https://pubmed.ncbi.nlm.nih.gov/41223545/,"O estudo apresenta o modelo RADIFUSION, uma arquitetura de deep learning que utiliza mamografias sequenciais para prever o risco de câncer de mama. O modelo foi avaliado em um conjunto de testes independente com 1749 mulheres, alcançando AUCs de 0.905, 0.872 e 0.866 para diferentes períodos. Os resultados sugerem que o modelo pode ser uma ferramenta útil para a avaliação de risco clínico.","[""1.1 Validação externa: teste em conjunto independente"", ""1.2 Recência: publicado em 2025"", ""1.3 N=8723 mamografias"", ""1.4 Métricas clínicas: reporta AUC + 3 anos AUC + 2 anos AUC"", ""1.5 Interação Humano-IA: modelo para avaliação de risco clínico""]"
14,85,2025,"Assessing artificial intelligence in breast screening with stratified results on 306 839 mammograms across geographic regions, age, breast density and ethnicity: A Retrospective Investigation Evaluating Screening (ARIES) study.","Oberije, Cary J G, Currie, Rachel, Leaver, Alice, Redman, Alan, Teh, William, Sharma, Nisha, Fox, Georgia, Glocker, Ben, Khara, Galvin, Nash, Jonathan, Ng, Annie Y, Kecskemethy, Peter D","BMJ Health Care Inform - Volume 32, Issue 1, pp.  - published 2025-05-01",10.1136/bmjhci-2024-101318,https://www.ncbi.nlm.nih.gov/pmc/articles/PMC12083354,"O estudo avaliou um sistema de IA como segundo leitor em mamografias, utilizando dados de 306.839 exames de diferentes regiões do Reino Unido. Os resultados mostraram que a IA manteve ou melhorou a taxa de detecção de câncer e a taxa de recall, com uma redução significativa na carga de trabalho dos radiologistas. O estudo também analisou a eficácia da IA em diferentes subgrupos, como idade e densidade mamária.","[""1.1 Validação externa: estudo realizado em diferentes regiões do Reino Unido"", ""1.3 N=306839"", ""1.4 Métricas clínicas: reporta CDR e Recall Rate"", ""1.5 Interação Humano-IA: IA como segundo leitor""]"
15,85,2024,AsymMirai: Interpretable Mammography-based Deep Learning Model for 1-5-year Breast Cancer Risk Prediction.,"Donnelly J, Moffett L, Barnett AJ, Trivedi H, Schwartz F, Lo J, Rudin C","Radiology - Volume 310, Issue 3, pp. e232780 - published 2024-03-01",10.1148/radiol.232780,https://pubmed.ncbi.nlm.nih.gov/38501952/,"O estudo apresenta o modelo AsymMirai, que utiliza dissimilaridade bilateral para prever o risco de câncer de mama em 1-5 anos. Foram analisadas 210.067 mamografias de 81.824 pacientes, com AUCs de 0.79 para 1 ano e 0.66 para 5 anos. O modelo busca aproximar o desempenho do algoritmo Mirai, mas não inclui validação externa.",[]
16,85,2024,Artificial intelligence-based classification of breast lesion from contrast enhanced mammography: a multicenter study.,"Zhang H, Lin F, Zheng T, Gao J, Wang Z, Zhang K, Zhang X, Xu C, Zhao F, Xie H, Li Q, Cao K, Gu Y, Mao N","International journal of surgery (London, England) - Volume 110, Issue 5, pp. 2593-2603 - published 2024-05-01",10.1097/JS9.0000000000001076,https://pubmed.ncbi.nlm.nih.gov/38748500/,"O estudo desenvolveu um modelo de IA para diagnóstico pré-operatório de lesões mamárias a partir de mamografia com contraste. Com 1430 pacientes, o modelo alcançou uma AUC de 0.932 no conjunto de teste externo, mas não possui validação externa independente. O estudo também explorou mecanismos biológicos associados ao risco de câncer.","[""1.2 Publicação 2024"", ""1.3 N=1430"", ""1.4 AUC reportada""]"
17,85,2024,A Semiautonomous Deep Learning System to Reduce False Positives in Screening Mammography.,"Pedemonte S, Tsue T, Mombourquette B, Truong Vu YN, Matthews T, Morales Hoil R, Shah M, Ghare N, Zingman-Daniels N, Holley S, Appleton CM, Su J, Wahl RL","Radiology. Artificial intelligence - Volume 6, Issue 3, pp. e230033 - published 2024-05-01",10.1148/ryai.230033,https://pubmed.ncbi.nlm.nih.gov/38597785/,"O estudo avaliou um sistema de inteligência artificial semiautônomo para reduzir falsos positivos em mamografias de rastreamento. O algoritmo foi treinado com 123.248 mamografias e testado em três conjuntos de dados não sobrepostos, totalizando 14.831 mamografias. Os resultados mostraram reduções significativas em exames de diagnóstico e biópsias benignas, mas não houve mudanças significativas na taxa de detecção de câncer.","[""1.2 Publicação 2024"", ""1.3 N=14831""]"
18,85,2024,Impact of real-life use of artificial intelligence as support for human reading in a population-based breast cancer screening program with mammography and tomosynthesis.,"Elías-Cabot E, Romero-Martín S, Raya-Povedano JL, Brehl AK, Álvarez-Benito M","European radiology - Volume 34, Issue 6, pp. 3958-3966 - published 2024-06-01",10.1007/s00330-023-10426-4,https://pubmed.ncbi.nlm.nih.gov/37975920/,"O estudo avaliou o impacto do uso de um sistema de inteligência artificial como suporte para a leitura dupla em um programa de rastreamento de câncer de mama. Com 11.998 mulheres incluídas, o uso da IA aumentou a taxa de detecção de câncer (CDR) e a taxa de recall. O estudo foi realizado entre março de 2021 e março de 2022, comparando o desempenho com e sem suporte da IA.","[""1.1 Validação externa: comparação com um grupo controle"", ""1.3 N=11998"", ""1.4 Métricas clínicas: reporta CDR e Recall Rate"", ""1.5 Interação Humano-IA: IA como suporte para leitura dupla""]"
19,85,2024,Strategies for integrating artificial intelligence into mammography screening programmes: a retrospective simulation analysis.,"Fisches ZV, Ball M, Mukama T, Štih V, Payne NR, Hickman SE, Gilbert FJ, Bunk S, Leibig C","The Lancet. Digital health - Volume 6, Issue 11, pp. e803-e814 - published 2024-11-01",10.1016/S2589-7500(24)00173-0,https://pubmed.ncbi.nlm.nih.gov/39455193/,"O estudo avaliou sete estratégias de integração de IA em programas de rastreamento de mamografia, utilizando dados de programas na Alemanha, Reino Unido e Suécia, com mais de 1,6 milhão de mamografias. As métricas principais incluíram a taxa de detecção de câncer (CDR) e a taxa de recall, mostrando que as estratégias de decisão programática melhoraram as taxas de detecção sem aumentar o recall.","[""1.1 Validação externa: sim, em múltiplos países (Alemanha, Reino Unido, Suécia)"", ""1.3 N=1.657.068 mamografias"", ""1.4 Métricas clínicas: reporta CDR e Recall Rate"", ""1.5 Interação Humano-IA: compara estratégias de integração de IA ao fluxo de trabalho""]"
20,85,2024,Impact of AI for Digital Breast Tomosynthesis on Breast Cancer Detection and Interpretation Time.,"Park EK, Kwak S, Lee W, Choi JS, Kooi T, Kim EK","Radiology. Artificial intelligence - Volume 6, Issue 3, pp. e230318 - published 2024-05-01",10.1148/ryai.230318,https://pubmed.ncbi.nlm.nih.gov/38568095/,"O estudo desenvolveu um modelo de IA para diagnóstico de câncer de mama em imagens de tomossíntese digital, avaliando sua precisão diagnóstica e tempo de leitura dos radiologistas. A AUC do modelo de IA foi de 0,93, e houve melhorias na precisão dos radiologistas ao usar a IA, além de redução no tempo de leitura. No entanto, não houve validação externa independente.",[]
21,85,2024,Deep Learning Algorithms for Breast Cancer Detection in a UK Screening Cohort: As Stand-alone Readers and Combined with Human Readers.,"Hickman SE, Payne NR, Black RT, Huang Y, Priest AN, Hudson S, Kasmai B, Juette A, Nanaa M, Gilbert FJ","Radiology - Volume 313, Issue 2, pp. e233147 - published 2024-11-01",10.1148/radiol.233147,https://pubmed.ncbi.nlm.nih.gov/39560480/,"O estudo avaliou três algoritmos de Deep Learning para detecção de câncer de mama em mamografias, validando seu desempenho em um conjunto de dados independente do Reino Unido. Foram incluídos 26.722 casos, e os algoritmos mostraram sensibilidade e especificidade não inferiores em comparação com leitores humanos. O uso de IA em combinação com leitores humanos pode manter a precisão do rastreio enquanto reduz a carga de trabalho.","[""1.1 Validação externa: sim, em coorte independente do Reino Unido"", ""1.3 N=26722"", ""1.4 Métricas clínicas: reporta CDR, Recall e Câncer de Intervalo"", ""1.5 Interação Humano-IA: compara IA com leitura humana""]"
22,85,2024,Diagnostic capabilities of artificial intelligence as an additional reader in a breast cancer screening program.,"Seker ME, Koyluoglu YO, Ozaydin AN, Gurdal SO, Ozcinar B, Cabioglu N, Ozmen V, Aribal E","European radiology - Volume 34, Issue 9, pp. 6145-6157 - published 2024-09-01",10.1007/s00330-024-10661-3,https://pubmed.ncbi.nlm.nih.gov/38388718/,"O estudo avaliou as capacidades de detecção precoce da IA em um programa de rastreamento de câncer de mama, utilizando 22.621 mamografias. A IA como segundo leitor alcançou uma AUC de 89,6%, identificando 15 cânceres de intervalo e melhorando a precisão do diagnóstico. O uso da IA também mostrou potencial para reduzir a carga de trabalho dos radiologistas em até 70%.","[""1.1 Validação externa: sim"", ""1.3 N=22621"", ""1.4 Métricas clínicas: AUC, CDR, câncer de intervalo"", ""1.5 Interação Humano-IA: IA como segundo leitor""]"
23,85,2024,Protocol for evaluating the fitness for purpose of an artificial intelligence product for radiology reporting in the BreastScreen New South Wales breast cancer screening programme.,"Warner-Smith, Matthew, Ren, Kan, Mistry, Chirag, Walton, Richard, Roder, David, Bhola, Nalini, McGill, Sarah, O'Brien, Tracey A","BMJ Open - Volume 14, Issue 5, pp. e082350-e082350 - published 2024-05-01",10.1136/bmjopen-2023-082350,https://www.ncbi.nlm.nih.gov/pmc/articles/PMC11138303,"O estudo avalia a eficácia de um produto de IA para interpretação de mamografias no programa de rastreamento de câncer de mama BreastScreen New South Wales. Com uma amostra de 658.207 exames, o estudo compara a precisão da leitura da IA com a de radiologistas, visando melhorar a detecção de câncer sem aumentar as taxas de recall. O estudo inclui 4.383 cânceres detectados e 1.171 cânceres de intervalo.","[""1.1 Validação externa: sim, comparação com radiologistas"", ""1.3 N=658207"", ""1.4 Métricas clínicas: CDR e Recall Rate"", ""1.5 Interação Humano-IA: comparação com radiologistas""]"
24,85,2024,Performance of an Artificial Intelligence System for Breast Cancer Detection on Screening Mammograms from BreastScreen Norway.,"Larsen, Marthe, Olstad, Camilla F, Lee, Christoph I, Hovda, Tone, Hoff, Solveig R, Martiniussen, Marit A, Mikalsen, Karl Øyvind, Lund-Hanssen, Håkon, Solli, Helene S, Silberhorn, Marko, Sulheim, Åse Ø, Auensen, Steinar, Nygård, Jan F, Hofvind, Solveig","Radiol Artif Intell - Volume 6, Issue 3, pp. e230375-e230375 - published 2024-04-01",10.1148/ryai.230375,https://www.ncbi.nlm.nih.gov/pmc/articles/PMC11140504,"O estudo avaliou o desempenho de um sistema de inteligência artificial na detecção de câncer de mama em mamografias de rastreamento na Noruega. Com 661.695 exames, o sistema apresentou AUC de 0,93 para cânceres detectados e intervalares. O estudo sugere que a IA pode ajudar a reduzir a carga de trabalho dos radiologistas, mas não possui validação externa.","[""1.2 Publicação 2024"", ""1.3 N=661695"", ""1.4 Reporta AUC e CDR""]"
25,85,2024,Population-wide evaluation of artificial intelligence and radiologist assessment of screening mammograms.,"Kühl, Johanne, Elhakim, Mohammad Talal, Stougaard, Sarah Wordenskjold, Rasmussen, Benjamin Schnack Brandt, Nielsen, Mads, Gerke, Oke, Larsen, Lisbet Brønsro, Graumann, Ole","Eur Radiol - Volume 34, Issue 6, pp. 3935-3946 - published 2024-01-01",10.1007/s00330-023-10423-7,https://www.ncbi.nlm.nih.gov/pmc/articles/PMC11166831,"O estudo avaliou um sistema de IA para detecção de câncer de mama em uma população de triagem, comparando-o com radiologistas. Foram analisadas 249.402 mamografias, resultando em 2.033 casos de câncer. A IA mostrou desempenho comparável em termos de precisão, mas detectou diferentes composições de câncer em comparação com os radiologistas.","[""1.1 Validação externa: sim"", ""1.2 Publicação recente: 2024"", ""1.3 N=249402"", ""1.4 Métricas clínicas: Recall Rate, CDR"", ""1.5 Interação Humano-IA: comparação com radiologistas""]"
26,85,2023,"Artificial intelligence-supported screen reading versus standard double reading in the Mammography Screening with Artificial Intelligence trial (MASAI): a clinical safety analysis of a randomised, controlled, non-inferiority, single-blinded, screening accuracy study.","Lång K, Josefsson V, Larsson AM, Larsson S, Högberg C, Sartor H, Hofvind S, Andersson I, Rosso A","The Lancet. Oncology - Volume 24, Issue 8, pp. 936-944 - published 2023-08-01",10.1016/S1470-2045(23)00298-X,https://pubmed.ncbi.nlm.nih.gov/37541274/,"O estudo MASAI avaliou a segurança clínica da triagem de mamografia com suporte de IA em comparação com a leitura padrão por radiologistas. Com 80.033 mulheres incluídas, a taxa de detecção de câncer foi de 6,1 por 1000 participantes na intervenção com IA, enquanto na leitura padrão foi de 5,1 por 1000. O uso de IA reduziu a carga de trabalho de leitura em 44,3%.","[""1.1 Validação externa: estudo realizado em quatro locais de triagem na Suécia."", ""1.3 N=80033"", ""1.4 Reporta CDR e Recall Rate."", ""1.5 Interação Humano-IA: comparação entre IA e leitura padrão.""]"
27,85,2023,Artificial Intelligence as Supporting Reader in Breast Screening: A Novel Workflow to Preserve Quality and Reduce Workload.,"Ng AY, Glocker B, Oberije C, Fox G, Sharma N, James JJ, Ambrózay É, Nash J, Karpati E, Kerruish S, Kecskemethy PD","Journal of breast imaging - Volume 5, Issue 3, pp. 267-276 - published 2023-05-22",10.1093/jbi/wbad010,https://pubmed.ncbi.nlm.nih.gov/38416889/,"O estudo avaliou a eficácia de uma nova estratégia de IA como leitor auxiliar na detecção de câncer de mama em mamografias, utilizando dados de 280.594 casos de 180.542 participantes em sete locais de triagem em dois países. A IA demonstrou desempenho superior ou não inferior em comparação com a leitura dupla humana, reduzindo significativamente a carga de trabalho ao diminuir o número de casos que exigem uma segunda leitura humana.","[""1.1 Validação externa: multi-site em dois países"", ""1.3 N=280594"", ""1.4 Métricas clínicas: reporta redução de carga de trabalho e desempenho em comparação com leitura humana"", ""1.5 Interação Humano-IA: IA como suporte ao radiologista""]"
28,85,2023,"Use of novel artificial intelligence computer-assisted detection (AI-CAD) for screening mammography: an analysis of 17,884 consecutive two-view full-field digital mammography screening exams.","Heywang-Köbrunner, Sylvia H, Hacker, Astrid, Jänsch, Alexander, Hertlein, Michael, Mieskes, Christoph, Elsner, Susanne, Sinnatamby, Ruchira, Katalinic, Alexander","Acta Radiol - Volume 64, Issue 10, pp. 2697-2703 - published 2023-08-01",10.1177/02841851231187382,https://dx.doi.org/10.1177/02841851231187382,"Este estudo avaliou um sistema de detecção assistida por inteligência artificial (AI-CAD) em 17.884 mamografias de rastreamento. O sistema apresentou uma AUC de 89% e comparou sua eficácia com a leitura humana, mostrando sensibilidade semelhante, mas menor especificidade. A combinação da leitura humana com AI-CAD aumentou a sensibilidade em comparação à leitura única.","[""1.1 Validação externa: sim"", ""1.3 N=17884"", ""1.4 Métricas clínicas: AUC, CDR, Câncer de Intervalo"", ""1.5 Interação Humano-IA: sim""]"
29,85,2023,"Artificial intelligence for breast cancer detection in screening mammography in Sweden: a prospective, population-based, paired-reader, non-inferiority study.","Dembrower, Karin, Crippa, Alessio, Colón, Eugenia, Eklund, Martin, Strand, Fredrik","Lancet Digit Health - Volume 5, Issue 10, pp. e703-e711 - published 2023-09-01",10.1016/S2589-7500(23)00153-X,https://dx.doi.org/10.1016/S2589-7500(23)00153-X,"O estudo avaliou o impacto da IA na detecção de câncer de mama em mamografias de rastreamento na Suécia, comparando a leitura por um radiologista mais IA com a leitura padrão por dois radiologistas. Com 55.581 mulheres incluídas, a taxa de detecção de câncer foi não inferior com a abordagem que inclui IA. O estudo sugere que a IA pode ser implementada de forma controlada na prática clínica.","[""1.1 Validação externa: sim, estudo realizado na Suécia com validação em coorte independente."", ""1.2 Recência: publicado em 2023."", ""1.3 N=55.581, superior a 10.000 mamografias."", ""1.4 Métricas clínicas: reporta CDR e comparação com taxa de detecção padrão."", ""1.5 Interação Humano-IA: IA como suporte ao radiologista.""]"
30,85,2023,Artificial intelligence (AI) for breast cancer screening: BreastScreen population-based cohort study of cancer detection.,"Marinovich, M Luke, Wylie, Elizabeth, Lotter, William, Lund, Helen, Waddell, Andrew, Madeley, Carolyn, Pereira, Gavin, Houssami, Nehmat","EBioMedicine - Volume 90, Issue 0, pp. 104498-104498 - published 2023-03-01",10.1016/j.ebiom.2023.104498,https://www.ncbi.nlm.nih.gov/pmc/articles/PMC9996220,"O estudo avaliou a precisão da IA em comparação com radiologistas em um programa de rastreamento populacional de câncer de mama, utilizando 108.970 mamografias. A IA apresentou uma AUC de 0.83, com uma taxa de recall de 3.14% e uma CDR de 6.37 por 1000. A IA detectou cânceres intervalares não identificados pelos radiologistas, sugerindo um papel potencial da IA na leitura de mamografias.","[""1.1 Validação externa: validação em coorte populacional"", ""1.3 N=108970"", ""1.4 Reporta CDR e Recall"", ""1.5 Interação Humano-IA: comparação entre IA e radiologistas""]"
31,85,2023,"Multi-vendor evaluation of artificial intelligence as an independent reader for double reading in breast cancer screening on 275,900 mammograms.","Sharma, Nisha, Ng, Annie Y, James, Jonathan J, Khara, Galvin, Ambrózay, Éva, Austin, Christopher C, Forrai, Gábor, Fox, Georgia, Glocker, Ben, Heindl, Andreas, Karpati, Edit, Rijken, Tobias M, Venkataraman, Vignesh, Yearsley, Joseph E, Kecskemethy, Peter D","BMC Cancer - Volume 23, Issue 1, pp. 460-460 - published 2023-05-01",10.1186/s12885-023-10890-7,https://www.ncbi.nlm.nih.gov/pmc/articles/PMC10197505,"O estudo avaliou a inteligência artificial como leitor independente em mamografias de rastreamento, utilizando dados de 275.900 mamografias de quatro fornecedores de equipamentos. A IA demonstrou pelo menos não inferioridade em relação à taxa de detecção de câncer e taxa de recall, com potencial para reduzir a carga de trabalho dos radiologistas.","[""1.1 Validação externa: sim, dados de dois países e múltiplos fornecedores"", ""1.2 Recência: publicado em 2023"", ""1.3 N=275900 mamografias"", ""1.4 Métricas clínicas: reporta CDR, Recall Rate e PPV"", ""1.5 Interação Humano-IA: IA como leitor independente no fluxo de trabalho""]"
32,85,2023,Virtual Biopsy by Using Artificial Intelligence-based Multimodal Modeling of Binational Mammography Data.,"Barros, Vesna, Tlusty, Tal, Barkan, Ella, Hexter, Efrat, Gruen, David, Guindy, Michal, Rosen-Zvi, Michal","Radiology - Volume 306, Issue 3, pp. e220027-e220027 - published 2023-01-01",10.1148/radiol.220027,https://dx.doi.org/10.1148/radiol.220027,"O estudo desenvolveu um modelo de IA para identificar subtipos de lesões mamárias usando mamografias e registros eletrônicos de saúde. Foram coletadas 26.569 imagens de 9.234 mulheres, com validação em coortes de Israel e EUA. O modelo obteve AUC de 0,88 e 0,80 para os conjuntos de teste israelense e americano, respectivamente.","[""1.2 Publicação em 2023"", ""1.3 N=26569""]"
33,85,2022,External Validation of an Ensemble Model for Automated Mammography Interpretation by Artificial Intelligence.,"Hsu, William, Hippe, Daniel S, Nakhaei, Noor, Wang, Pin-Chieh, Zhu, Bing, Siu, Nathan, Ahsen, Mehmet Eren, Lotter, William, Sorensen, A Gregory, Naeim, Arash, Buist, Diana S M, Schaffter, Thomas, Guinney, Justin, Elmore, Joann G, Lee, Christoph I","JAMA Netw Open - Volume 5, Issue 11, pp. e2242343-e2242343 - published 2022-11-01",10.1001/jamanetworkopen.2022.42343,https://www.ncbi.nlm.nih.gov/pmc/articles/PMC9679879,"Este estudo validou externamente um modelo de aprendizado profundo em mamografias, utilizando dados de um programa de triagem com uma população diversificada. O modelo alcançou uma AUC de 0.85 e comparou seu desempenho com radiologistas, destacando a necessidade de ajuste fino para populações específicas.","[""1.1 Validação externa: sim, múltiplas coortes"", ""1.2 Recência: publicado em 2022"", ""1.3 N=37317 exames"", ""1.4 Métricas clínicas: reporta AUC, sensibilidade e especificidade"", ""1.5 Interação Humano-IA: comparação com radiologistas""]"
34,85,2022,Optimizing risk-based breast cancer screening policies with reinforcement learning.,"Yala, Adam, Mikhael, Peter G, Lehman, Constance, Lin, Gigin, Strand, Fredrik, Wan, Yung-Liang, Hughes, Kevin, Satuluru, Siddharth, Kim, Thomas, Banerjee, Imon, Gichoya, Judy, Trivedi, Hari, Barzilay, Regina","Nat Med - Volume 28, Issue 1, pp. 136-143 - published 2022-01-01",10.1038/s41591-021-01599-w,https://dx.doi.org/10.1038/s41591-021-01599-w,"O artigo apresenta um framework de aprendizado por reforço para otimizar políticas de rastreamento do câncer de mama, utilizando um modelo de risco baseado em IA. O modelo foi treinado em um grande conjunto de dados de mamografias e validado em coortes externas. No entanto, não são reportadas métricas clínicas reais como AUC ou CDR.","[""1.1 Validação externa: validação em coortes externas"", ""1.2 Recência: publicado em 2022"", ""1.3 N amostral: N não especificado, mas implícito que é grande""]"
35,85,2022,Multi-Institutional Validation of a Mammography-Based Breast Cancer Risk Model.,"Yala, Adam, Mikhael, Peter G, Strand, Fredrik, Lin, Gigin, Satuluru, Siddharth, Kim, Thomas, Banerjee, Imon, Gichoya, Judy, Trivedi, Hari, Lehman, Constance D, Hughes, Kevin, Sheedy, David J, Matthis, Lisa M, Karunakaran, Bipin, Hegarty, Karen E, Sabino, Silvia, Silva, Thiago B, Evangelista, Maria C, Caron, Renato F, Souza, Bruno, Mauad, Edmundo C, Patalon, Tal, Handelman-Gotlib, Sharon, Guindy, Michal, Barzilay, Regina","J Clin Oncol - Volume 40, Issue 16, pp. 1732-1740 - published 2022-01-01",10.1200/JCO.21.01337,https://www.ncbi.nlm.nih.gov/pmc/articles/PMC9148689,"O estudo valida um modelo de risco baseado em mamografia, chamado Mirai, em diversas populações globais, utilizando 128.793 mamografias de 62.185 pacientes. O modelo demonstrou índices de concordância variando de 0.75 a 0.84 em diferentes instituições. No entanto, não foram reportadas métricas clínicas como CDR ou Recall Rate.","[""1.1 Validação externa: validação em múltiplas instituições"", ""1.3 N=128793""]"
36,75,2025,Performance of Algorithms Submitted in the 2023 RSNA Screening Mammography Breast Cancer Detection AI Challenge.,"Chen, Yan, Partridge, George J W, Vazirabad, Maryam, Ball, Robyn L, Trivedi, Hari M, Kitamura, Felipe Campos, Frazer, Helen M L, Retson, Tara A, Yao, Luyan, Darker, Iain T, Kelil, Tatiana, Mongan, John, Mann, Ritse M, Moy, Linda","Radiology - Volume 316, Issue 2, pp. e241447-e241447 - published 2025-08-01",10.1148/radiol.241447,https://dx.doi.org/10.1148/radiol.241447,"O estudo avaliou 1537 algoritmos de IA submetidos ao desafio de detecção de câncer de mama em mamografias, utilizando um conjunto de dados de 5415 mulheres. Os resultados mostraram que modelos de ensemble melhoraram a sensibilidade, mantendo baixas taxas de recall. O estudo também analisou como características demográficas influenciaram o desempenho dos algoritmos.","[""1.1 Validação externa: testado em dois locais diferentes (EUA e Austrália)"", ""1.2 Publicação em 2025"", ""1.3 N=5415 mamografias"", ""1.4 Reporta Recall Rate e Sensibilidade"", ""1.5 Integração da IA ao fluxo de trabalho médico""]"
37,75,2024,Improving Computer-aided Detection for Digital Breast Tomosynthesis by Incorporating Temporal Change.,"Ren Y, Liang Z, Ge J, Xu X, Go J, Nguyen DL, Lo JY, Grimm LJ","Radiology. Artificial intelligence - Volume 6, Issue 5, pp. e230391 - published 2024-09-01",10.1148/ryai.230391,https://pubmed.ncbi.nlm.nih.gov/39140867/,"O estudo desenvolveu um algoritmo de aprendizado profundo que utiliza informações temporais para melhorar a detecção de lesões cancerígenas em tomossíntese digital da mama. A análise foi realizada em exames de oito instituições, mas o número total de mamografias não é explicitamente mencionado como superior a 1.000. O desempenho do modelo foi avaliado usando curvas ROC.","[""1.2 Publicação 2024"", ""1.5 Interação Humano-IA""]"
38,75,2024,Performance of artificial intelligence in 7533 consecutive prevalent screening mammograms from the BreastScreen Australia program.,"Waugh J, Evans J, Miocevic M, Lockie D, Aminzadeh P, Lynch A, Bell RJ","European radiology - Volume 34, Issue 6, pp. 3947-3957 - published 2024-06-01",10.1007/s00330-023-10396-7,https://pubmed.ncbi.nlm.nih.gov/37955669/,"O estudo avaliou o desempenho de um algoritmo de IA em 7533 mamografias do programa BreastScreen Australia. A IA demonstrou sensibilidade comparável à dos radiologistas, identificando a maioria dos cânceres invasivos e ductais, e sugeriu um papel potencial na triagem para reduzir a taxa de recall. As métricas de desempenho incluem taxa de recall e identificação de cânceres intervalares.","[""1.1 Validação externa: sim"", ""1.2 Recência: 2024"", ""1.3 N=7533"", ""1.4 Métricas clínicas: CDR e Recall Rate"", ""1.5 Interação Humano-IA: sim""]"
39,75,2024,The efficacy of artificial intelligence (AI) in detecting interval cancers in the national screening program of a middle-income country.,"Çelik L, Aribal E","Clinical radiology - Volume 79, Issue 7, pp. e885-e891 - published 2024-07-01",10.1016/j.crad.2024.03.012,https://pubmed.ncbi.nlm.nih.gov/38649312/,"O estudo investigou a eficácia de um algoritmo de IA na detecção de cânceres de intervalo em um programa nacional de rastreamento em um país de renda média. Foram analisadas 2.129.486 mamografias, com um grupo de câncer de intervalo de 442 casos. O AUC para a detecção de sinais maiores foi de 0,93, com sensibilidade de 81,6%.",[]
40,75,2024,Validation of artificial intelligence contrast mammography in diagnosis of breast cancer: Relationship to histopathological results.,"Helal, Maha, Khaled, Rana, Alfarghaly, Omar, Mokhtar, Omnia, Elkorany, Abeer, Fahmy, Aly, El Kassas, Hebatalla","Eur J Radiol - Volume 173, Issue 0, pp. 111392-111392 - published 2024-03-01",10.1016/j.ejrad.2024.111392,https://dx.doi.org/10.1016/j.ejrad.2024.111392,"O estudo desenvolveu um modelo de aprendizado profundo para classificar imagens de mamografia com contraste (CEM) e avaliou seu desempenho em um conjunto de teste externo de 288 imagens. O modelo apresentou uma AUC de 0,936 e foi comparado com resultados histopatológicos, mas a amostra de validação foi considerada insuficiente.","[""1.2 Publicação 2024"", ""1.4 Reporta AUC e métricas de desempenho""]"
41,75,2023,Lessons learned from independent external validation of an AI tool to detect breast cancer using a representative UK data set.,"Cushnan, Dominic, Young, Kenneth C, Ward, Dominic, Halling-Brown, Mark D, Duffy, Stephen, Given-Wilson, Rosalind, Wallis, Matthew G, Wilkinson, Louise, Lyburn, Iain, Sidebottom, Richard, McAvinchey, Rita, Lewis, Emma B, Mackenzie, Alistair, Warren, Lucy M","Br J Radiol - Volume 96, Issue 1143, pp. 20211104-20211104 - published 2023-01-01",10.1259/bjr.20211104,https://www.ncbi.nlm.nih.gov/pmc/articles/PMC9975375,"O estudo piloto avaliou um ferramenta de IA para detecção de câncer de mama usando dados do programa de rastreamento do NHS. Foram utilizados 26.000 exames de mamografia, mas não houve validação externa em um conjunto de dados diferente. O desempenho da IA foi comparado ao de leitores humanos, mas não atende aos critérios de validação exigidos.",[]
42,70,2022,YOLO-LOGO: A transformer-based YOLO segmentation model for breast mass detection and segmentation in digital mammograms.,"Su Y, Liu Q, Xie W, Hu P","Computer methods and programs in biomedicine - Volume 221, Issue , pp. 106903 - published 2022-06-01",10.1016/j.cmpb.2022.106903,https://pubmed.ncbi.nlm.nih.gov/35636358/,"O estudo propõe um modelo de detecção e segmentação de massas mamárias utilizando uma combinação das arquiteturas YOLO e LOGO. O modelo foi testado em dois conjuntos de dados independentes, CBIS-DDSM e INBreast, alcançando altas taxas de verdadeiro positivo e precisão média. No entanto, não há validação externa em coortes clínicas reais.",[]
43,65,2025,Multi-Institutional Evaluation and Training of Breast Density Classification AI Algorithm Using ACR Connect and AI-LAB.,"Brink L, Romero RA, Coombs L, Tilkin M, Mazaheri S, Gichoya J, Zaiman Z, Trivedi H, Medina A, Bizzo BC, Chang K, Kalpathy-Cramer J, Kalra MK, Astuto B, Ramirez C, Majumdar S, Lee AY, Lee CI, Cross NM, Chen PH, Ciancibello M, Chiunda A, Nachand D, Shah C, Wald C","Journal of the American College of Radiology : JACR - Volume 22, Issue 2, pp. 211-219 - published 2025-02-01",10.1016/j.jacr.2024.11.003,https://pubmed.ncbi.nlm.nih.gov/39551328/,"O estudo avaliou a implementação de um algoritmo de classificação de densidade mamária em seis hospitais dos EUA, utilizando a plataforma ACR Connect e AI-LAB. Os resultados mostraram que o algoritmo teve desempenho inferior em cada hospital em comparação com um conjunto de dados de teste independente, sugerindo baixa generalizabilidade do modelo.",[]
44,65,2024,Impact of Transfer Learning Using Local Data on Performance of a Deep Learning Model for Screening Mammography.,"Condon JJJ, Trinh V, Hall KA, Reintals M, Holmes AS, Oakden-Rayner L, Palmer LJ","Radiology. Artificial intelligence - Volume 6, Issue 4, pp. e230383 - published 2024-07-01",10.1148/ryai.230383,https://pubmed.ncbi.nlm.nih.gov/38717291/,"O estudo investigou a generalização de um modelo de deep learning para mamografia desenvolvido na NYU, testando-o em um conjunto de dados australiano. O desempenho do modelo foi avaliado com AUC, mas o número total de mamografias foi de apenas 959, o que não atende ao critério de robustez amostral.",[]
45,65,2023,"Deep learning for detection of iso-dense, obscure masses in mammographically dense breasts.","Rangarajan K, Aggarwal P, Gupta DK, Dhanakshirur R, Baby A, Pal C, Gupta AK, Hari S, Banerjee S, Arora C","European radiology - Volume 33, Issue 11, pp. 8112-8121 - published 2023-11-01",10.1007/s00330-023-09717-7,https://pubmed.ncbi.nlm.nih.gov/37209125/,"O estudo analisa o desempenho de um modelo de deep learning na detecção de massas isodensas em mamas densas, utilizando um conjunto de dados de mamografias diagnósticas e de rastreio. O modelo foi validado externamente, mas a amostra total não é clara e pode não atender ao critério de robustez amostral.","[""1.1 Validação externa: validação em conjunto de dados diferente"", ""1.2 Recência: publicado em 2023""]"
46,60,2025,Leveraging paired mammogram views with deep learning for comprehensive breast cancer detection.,"Seo JW, Kim YJ, Kim KG","Scientific reports - Volume 15, Issue 1, pp. 4406 - published 2025-02-05",10.1038/s41598-025-88907-3,https://pubmed.ncbi.nlm.nih.gov/39910228/,"O estudo apresenta o PMVnet, um algoritmo que integra informações de mamografias pareadas para melhorar a detecção de lesões mamárias. Com 1.636 mamografias privadas, o PMVnet demonstrou um recall de 0.950, superando modelos de visualização única. No entanto, a amostra é insuficiente para atender aos critérios de inclusão.",[]
47,55,2025,Triaging mammography with artificial intelligence: an implementation study.,"Friedewald SM, Sieniek M, Jansen S, Mahvar F, Kohlberger T, Schacht D, Bhole S, Gupta D, Prabhakara S, McKinney SM, Caron S, Melnick D, Etemadi M, Winter S, Saensuksopa T, Maciel A, Speroni L, Sevenich M, Agharwal A, Zhang R, Duggan G, Kadowaki S, Kiraly AP, Yang J, Mustafa B, Matias Y, Corrado GS, Tse D, Eswaran K, Shetty S","Breast cancer research and treatment - Volume 211, Issue 1, pp. 1-10 - published 2025-05-01",10.1007/s10549-025-07616-7,https://pubmed.ncbi.nlm.nih.gov/39881074/,"O estudo avaliou a implementação de um sistema de IA para priorizar casos de mamografia para avaliação radiológica imediata. Envolveu 1000 participantes e demonstrou redução no tempo para diagnóstico, mas não reportou métricas clínicas relevantes como AUC ou CDR.",[]
48,55,2025,Mammo-AGE: deep learning estimation of breast age from mammograms.,"Wang X, Tan T, Gao Y, Zhou HY, Zhang T, Han L, Portaluri A, Marcus E, Lu C, Drukker CA, Teuwen J, Beets-Tan R, Wang S, Karssemeijer N, Mann R","Nature communications - Volume 16, Issue 1, pp. 10934 - published 2025-12-08",10.1038/s41467-025-65923-5,https://pubmed.ncbi.nlm.nih.gov/41360762/,"O estudo propõe um modelo de deep learning para estimar a idade biológica da mama a partir de mamografias saudáveis, utilizando 95.826 mamografias de 44.497 mulheres. Embora o modelo tenha sido validado externamente e mostre correlação com a idade cronológica, não se concentra no diagnóstico de câncer de mama.","[""1.2 Publicação 2025"", ""1.1 Validação externa em dois conjuntos de dados adicionais"", ""1.3 N=95826""]"
49,55,2023,Deep learning performance for detection and classification of microcalcifications on mammography.,"Pesapane F, Trentin C, Ferrari F, Signorelli G, Tantrige P, Montesano M, Cicala C, Virgoli R, D'Acquisto S, Nicosia L, Origgi D, Cassano E","European radiology experimental - Volume 7, Issue 1, pp. 69 - published 2023-11-07",10.1186/s41747-023-00384-3,https://pubmed.ncbi.nlm.nih.gov/37934382/,"O estudo desenvolveu e testou um modelo de IA para detectar e classificar microcalcificações em mamografias, utilizando três redes neurais (AlexNet, ResNet18 e ResNet34). O dataset incluiu 1.000 pacientes e 1.986 mamografias, com métricas de AUC, sensibilidade e especificidade reportadas. Os resultados mostraram alta precisão na detecção e caracterização das microcalcificações.",[]
50,55,2022,Interval Cancer Detection Using a Neural Network and Breast Density in Women with Negative Screening Mammograms.,"Wanders, Alexander J T, Mees, Willem, Bun, Petra A M, Janssen, Natasja, Rodríguez-Ruiz, Alejandro, Dalmis, Mehmet Ufuk, Karssemeijer, Nico, van Gils, Carla H, Sechopoulos, Ioannis, Mann, Ritse M, van Rooden, Cornelis Jan","Radiology - Volume 303, Issue 2, pp. 269-275 - published 2022-02-01",10.1148/radiol.210832,https://dx.doi.org/10.1148/radiol.210832,"O estudo avaliou um modelo baseado em rede neural que combina a densidade mamária e um sistema de detecção de câncer por IA para prever o risco de câncer de intervalo em mulheres com mamografias de rastreio negativas. Incluiu 2222 mulheres com câncer de intervalo e 4661 no grupo controle, reportando uma AUC de 0.79. No entanto, não houve validação externa.","[""1.3 N=6883"", ""1.4 Reporta AUC e Câncer de Intervalo""]"
51,55,2021,Deep-LIBRA: An artificial-intelligence method for robust quantification of breast density with independent validation in breast cancer risk assessment.,"Haji Maghsoudi, Omid, Gastounioti, Aimilia, Scott, Christopher, Pantalone, Lauren, Wu, Fang-Fang, Cohen, Eric A, Winham, Stacey, Conant, Emily F, Vachon, Celine, Kontos, Despina","Med Image Anal - Volume 73, Issue 0, pp. 102138-102138 - published 2021-07-01",10.1016/j.media.2021.102138,https://www.ncbi.nlm.nih.gov/pmc/articles/PMC8453099,"O artigo apresenta um método de inteligência artificial chamado Deep-LIBRA para quantificação da densidade mamária, utilizando aprendizado profundo em mamografias digitais. O método foi validado em um conjunto de dados independente de 6.368 mamografias digitais, mas a publicação é anterior a 2021.",[]
52,45,2024,Robustness of Deep Networks for Mammography: Replication Across Public Datasets.,"Velarde OM, Lin C, Eskreis-Winkler S, Parra LC","Journal of imaging informatics in medicine - Volume 37, Issue 2, pp. 536-546 - published 2024-04-01",10.1007/s10278-023-00943-5,https://pubmed.ncbi.nlm.nih.gov/38343223/,"O estudo avalia quatro modelos de redes neurais profundas em mamografias utilizando conjuntos de dados públicos. Embora um dos modelos tenha alcançado uma AUC de 0,9 em um conjunto de dados externo, todos os dados utilizados são de bancos públicos, o que compromete a validade clínica dos resultados.",[]
53,35,2021,A deep learning model integrating mammography and clinical factors facilitates the malignancy prediction of BI-RADS 4 microcalcifications in breast cancer screening.,"Liu H, Chen Y, Zhang Y, Wang L, Luo R, Wu H, Wu C, Zhang H, Tan W, Yin H, Wang D","European radiology - Volume 31, Issue 8, pp. 5902-5912 - published 2021-08-01",10.1007/s00330-020-07659-y,https://pubmed.ncbi.nlm.nih.gov/33496829/,"O estudo investiga um modelo de deep learning para prever a malignidade de microcalcificações BI-RADS 4 em mamografias. Utilizando 414 lesões, o modelo combinado demonstrou uma AUC de 0.910, superando modelos clínicos e de imagem. O desempenho do modelo foi comparado com radiologistas, mostrando melhorias na performance de radiologistas juniores com a assistência da IA.",[]
54,25,2021,Application of deep learning in the detection of breast lesions with four different breast densities.,"Li H, Ye J, Liu H, Wang Y, Shi B, Chen J, Kong A, Xu Q, Cai J","Cancer medicine - Volume 10, Issue 14, pp. 4994-5000 - published 2021-07-01",10.1002/cam4.4042,https://pubmed.ncbi.nlm.nih.gov/34132495/,"Este estudo retrospectivo avaliou um modelo de IA na detecção de lesões mamárias em diferentes densidades mamárias, utilizando 608 mamografias. O modelo demonstrou boa sensibilidade para a detecção de câncer, mas não possui validação externa e é anterior a 2021.",[]
55,25,2021,Impact of artificial intelligence support on accuracy and reading time in breast tomosynthesis image interpretation: a multi-reader multi-case study.,"van Winkel, Suzanne L, Rodríguez-Ruiz, Alejandro, Appelman, Linda, Gubern-Mérida, Albert, Karssemeijer, Nico, Teuwen, Jonas, Wanders, Alexander J T, Sechopoulos, Ioannis, Mann, Ritse M","Eur Radiol - Volume 31, Issue 11, pp. 8682-8691 - published 2021-05-01",10.1007/s00330-021-07992-w,https://www.ncbi.nlm.nih.gov/pmc/articles/PMC8523448,"O estudo investigou o impacto de um sistema de suporte de inteligência artificial na precisão e no tempo de leitura em exames de tomossíntese digital da mama. Com 240 exames analisados por 18 radiologistas, os resultados mostraram que a AUC foi maior com o suporte da IA, e o tempo de leitura foi reduzido. A IA apresentou desempenho não inferior ao dos radiologistas.",[]
56,25,2021,Can artificial intelligence reduce the interval cancer rate in mammography screening?,"Lång, Kristina, Hofvind, Solveig, Rodríguez-Ruiz, Alejandro, Andersson, Ingvar","Eur Radiol - Volume 31, Issue 8, pp. 5940-5947 - published 2021-01-01",10.1007/s00330-021-07686-3,https://www.ncbi.nlm.nih.gov/pmc/articles/PMC8270858,"O estudo investigou se a inteligência artificial (IA) pode reduzir a taxa de câncer de intervalo em mamografias. Analisou mamografias de 429 mulheres diagnosticadas com câncer de intervalo, mostrando que a IA poderia detectar 19% desses casos. No entanto, o estudo é retrospectivo e não apresenta validação externa.",[]
57,25,2021,Retrospective comparison between single reading plus an artificial intelligence algorithm and two-view digital tomosynthesis with double reading in breast screening.,"Graewingholt, Axel, Duffy, Stephen","J Med Screen - Volume 28, Issue 3, pp. 365-368 - published 2021-01-01",10.1177/0969141320984198,https://dx.doi.org/10.1177/0969141320984198,"O estudo compara a taxa de detecção de câncer de mama entre a leitura única por um radiologista experiente com suporte de um algoritmo de IA e a leitura dupla de tomossíntese digital. Os resultados mostraram que a sensibilidade do algoritmo de IA foi semelhante à da leitura dupla, mas o artigo não apresenta validação externa.",[]
58,0,2025,Evaluation of a Multi-Instant Multimodal Artificial Intelligence System Supporting Interpretive and Noninterpretive Functions.,"Pacilè S, Germaine P, Sclafert C, Bertinotti T, Fillard P, Singla Long S","Journal of breast imaging - Volume 7, Issue 2, pp. 155-164 - published 2025-03-18",10.1093/jbi/wbae062,https://pubmed.ncbi.nlm.nih.gov/39607756/,"O estudo avaliou um sistema de inteligência artificial multimodal para apoiar radiologistas na interpretação de mamografias. Foi realizado um estudo multileitor com 240 casos, onde a IA melhorou a precisão diagnóstica e reduziu o tempo de leitura. No entanto, o número de casos é insuficiente para validação robusta.",[]
59,0,2025,An Interpretable Hybrid AI Model for Breast Fine Needle Aspiration Cytology Image Classification.,"Kalita M, Mahanta LB, Das AK, Laskar D","Journal of medical systems - Volume 49, Issue 1, pp. 182 - published 2025-12-12",10.1007/s10916-025-02267-z,https://pubmed.ncbi.nlm.nih.gov/41381926/,"O estudo apresenta um modelo híbrido de IA para classificação de imagens de citologia por punção aspirativa fina (FNAC) da mama, utilizando arquiteturas como Inception-V3 e MobileNet-V2. Embora tenha alcançado alta precisão e sensibilidade, o número de imagens analisadas é insuficiente para atender aos critérios de inclusão.",[]
60,0,2021,Deep learning reconstruction of digital breast tomosynthesis images for accurate breast density and patient-specific radiation dose estimation.,"Teuwen J, Moriakov N, Fedon C, Caballo M, Reiser I, Bakic P, García E, Diaz O, Michielsen K, Sechopoulos I","Medical image analysis - Volume 71, Issue , pp. 102061 - published 2021-07-01",10.1016/j.media.2021.102061,https://pubmed.ncbi.nlm.nih.gov/33910108/,"O estudo propõe um algoritmo de reconstrução baseado em deep learning para a tomossíntese digital (DBT), visando estimar a densidade mamária e a dose de radiação específica do paciente. O modelo, chamado DBToR, utiliza redes neurais convolucionais e foi testado em fantasmas de pacientes virtuais. Os resultados mostraram alta precisão na estimativa de densidade e dose, mas não se concentra em diagnósticos de câncer de mama.",[]
